Month,Ticket_Value
1,66876539.56601715
2,87130006.83026886
3,99855832.67733765
4,97556761.92194366
5,88268748.09881592
